Name,Brow_L_X,Brow_L_Y,Brow_R_X,Brow_R_Y,Mouth_M_X,Mouth_M_Y,Mouth_M_Lower,Mouth_M_Upper,Mouth_L_X,Mouth_L_Y,Mouth_R_X,Mouth_R_Y,Eye_L_S,Eue_R_S,V,A,D
Happy,0.025823913,-0.2,0.025823913,-0.2,0.4,0,0,0,0.3,1,0.3,1,0,0,1,0.735,0.772
Scared,0.5,0.1,0.5,0.1,0.2,-0.7,0,0,2.78E-17,0,2.78E-17,0,0,0,0.146,0.828,0.185
Angry,-0.6,-0.4,-0.6,-0.4,0,0,10,10,2.78E-17,-0.2,2.78E-17,-0.2,7,7,0.122,0.83,0.604
Curious,0.3,0,0.3,0,0,-0.3,0,0,2.78E-17,0.2,2.78E-17,0.2,0,0,0.635,0.6,0.483
Neutral,0,0,0,0,0,0,0,0,0,0,0,0,0,0,0.469,0.184,0.357
Disgust,-0.3,-0.2,-0.3,-0.2,0,0,5,0,0.7,-1,0.7,-1,5,7,0.052,0.775,0.317
Sad,0.5,-0.4,0.5,-0.4,0,-0.075340898,0,0,0.1,-1,0.1,-1,5,5,0.225,0.335,0.149
Excited,0.5,-0.4,0.5,-0.4,0,-0.3,0,0,0.5,1,0.5,1,0,0,0.908,0.931,0.709
Surprise,0.2,0.5,0.2,0,0,-0.5,0,0,0.2,0,0.2,0,-3,0,0.784,0.855,0.539
Concerned,0,-0.1,0,-0.1,0,0,5,5,-0.2,-0.2,0.2,-0.6,2,2,0.292,0.698,0.35
Confused,-0.5,-0.1,-0.3,-0.1,0.1,0,10,0,2.78E-17,-0.1,0.4,-0.4,3,4,0.22,0.65,0.179
Shy,0,-0.1,0.3,0,0.2,0,0,0,2.78E-17,0.6,-0.1,0.2,0,0,0.28,0.153,0.132
Frustrated,0,-0.3,0,-0.3,0,0,5,5,-0.2,0,0.2,-0.4,2,2,0.08,0.651,0.255
Tired,0.5,-0.7,0.5,-0.7,0,0,7,7,0,-0.1,0,-0.1,9,9,0.125,0.317,0.191
Happy-Scared-1,0.18388260866666667,-0.09999999999999999,0.18388260866666667,-0.09999999999999999,0.33333333333333337,-0.2333333333333333,0.0,0.0,0.2,0.6666666666666667,0.2,0.6666666666666667,0.0,0.0,0.7153333333333334,0.766,0.5763333333333334
Happy-Scared-2,0.34194130433333336,2.7755575615628914e-17,0.34194130433333336,2.7755575615628914e-17,0.2666666666666667,-0.4666666666666666,0.0,0.0,0.10000000000000003,0.3333333333333334,0.10000000000000003,0.3333333333333334,0.0,0.0,0.4306666666666667,0.797,0.3806666666666667
Happy-Angry-1,-0.18278405799999997,-0.26666666666666666,-0.18278405799999997,-0.26666666666666666,0.2666666666666667,0.0,3.3333333333333335,3.3333333333333335,0.2,0.6000000000000001,0.2,0.6000000000000001,2.3333333333333335,2.3333333333333335,0.7073333333333334,0.7666666666666666,0.716
Happy-Angry-2,-0.3913920289999999,-0.3333333333333333,-0.3913920289999999,-0.3333333333333333,0.1333333333333334,0.0,6.666666666666667,6.666666666666667,0.10000000000000003,0.20000000000000012,0.10000000000000003,0.20000000000000012,4.666666666666667,4.666666666666667,0.4146666666666667,0.7983333333333332,0.6599999999999999
Happy-Curious-1,0.11721594199999999,-0.13333333333333336,0.11721594199999999,-0.13333333333333336,0.2666666666666667,-0.09999999999999999,0.0,0.0,0.2,0.7333333333333334,0.2,0.7333333333333334,0.0,0.0,0.8783333333333333,0.69,0.6756666666666666
Happy-Curious-2,0.208607971,-0.0666666666666667,0.208607971,-0.0666666666666667,0.1333333333333334,-0.19999999999999998,0.0,0.0,0.10000000000000003,0.46666666666666673,0.10000000000000003,0.46666666666666673,0.0,0.0,0.7566666666666666,0.6449999999999999,0.5793333333333333
Happy-Neutral-1,0.017215941999999998,-0.13333333333333336,0.017215941999999998,-0.13333333333333336,0.2666666666666667,0.0,0.0,0.0,0.2,0.6666666666666667,0.2,0.6666666666666667,0.0,0.0,0.823,0.5513333333333333,0.6336666666666667
Happy-Neutral-2,0.008607970999999999,-0.0666666666666667,0.008607970999999999,-0.0666666666666667,0.1333333333333334,0.0,0.0,0.0,0.10000000000000002,0.3333333333333334,0.10000000000000002,0.3333333333333334,0.0,0.0,0.6459999999999999,0.3676666666666667,0.4953333333333334
Happy-Disgust-1,-0.082784058,-0.2,-0.082784058,-0.2,0.2666666666666667,0.0,1.6666666666666667,0.0,0.43333333333333335,0.33333333333333337,0.43333333333333335,0.33333333333333337,1.6666666666666667,2.3333333333333335,0.6839999999999999,0.7483333333333333,0.6203333333333334
Happy-Disgust-2,-0.19139202899999996,-0.2,-0.19139202899999996,-0.2,0.1333333333333334,0.0,3.3333333333333335,0.0,0.5666666666666667,-0.33333333333333326,0.5666666666666667,-0.33333333333333326,3.3333333333333335,4.666666666666667,0.36799999999999994,0.7616666666666666,0.46866666666666673
Happy-Sad-1,0.18388260866666667,-0.26666666666666666,0.18388260866666667,-0.26666666666666666,0.2666666666666667,-0.025113632666666667,0.0,0.0,0.23333333333333334,0.33333333333333337,0.23333333333333334,0.33333333333333337,1.6666666666666667,1.6666666666666667,0.7416666666666667,0.6016666666666667,0.5643333333333334
Happy-Sad-2,0.34194130433333336,-0.3333333333333333,0.34194130433333336,-0.3333333333333333,0.1333333333333334,-0.05022726533333333,0.0,0.0,0.16666666666666669,-0.33333333333333326,0.16666666666666669,-0.33333333333333326,3.3333333333333335,3.3333333333333335,0.48333333333333334,0.4683333333333334,0.3566666666666667
Happy-Excited-1,0.18388260866666667,-0.26666666666666666,0.18388260866666667,-0.26666666666666666,0.2666666666666667,-0.09999999999999999,0.0,0.0,0.36666666666666664,1.0,0.36666666666666664,1.0,0.0,0.0,0.9693333333333333,0.8003333333333333,0.751
Happy-Excited-2,0.34194130433333336,-0.3333333333333333,0.34194130433333336,-0.3333333333333333,0.1333333333333334,-0.19999999999999998,0.0,0.0,0.4333333333333333,1.0,0.4333333333333333,1.0,0.0,0.0,0.9386666666666665,0.8656666666666667,0.73
Happy-Surprise-1,0.08388260866666666,0.0333333333333333,0.08388260866666666,-0.13333333333333336,0.2666666666666667,-0.16666666666666666,0.0,0.0,0.26666666666666666,0.6666666666666667,0.26666666666666666,0.6666666666666667,-1.0,0.0,0.928,0.775,0.6943333333333334
Happy-Surprise-2,0.14194130433333332,0.2666666666666666,0.14194130433333332,-0.0666666666666667,0.1333333333333334,-0.3333333333333333,0.0,0.0,0.23333333333333334,0.3333333333333334,0.23333333333333334,0.3333333333333334,-2.0,0.0,0.8560000000000001,0.8150000000000001,0.6166666666666667
Happy-Concerned-1,0.017215941999999998,-0.16666666666666669,0.017215941999999998,-0.16666666666666669,0.2666666666666667,0.0,1.6666666666666667,1.6666666666666667,0.13333333333333333,0.6000000000000001,0.26666666666666666,0.4666666666666667,0.6666666666666666,0.6666666666666666,0.764,0.7226666666666667,0.6313333333333333
Happy-Concerned-2,0.008607970999999999,-0.13333333333333336,0.008607970999999999,-0.13333333333333336,0.1333333333333334,0.0,3.3333333333333335,3.3333333333333335,-0.033333333333333326,0.20000000000000012,0.23333333333333334,-0.06666666666666665,1.3333333333333333,1.3333333333333333,0.528,0.7103333333333334,0.4906666666666666
Happy-Confused-1,-0.14945072466666665,-0.16666666666666669,-0.082784058,-0.16666666666666669,0.3,0.0,3.3333333333333335,0.0,0.2,0.6333333333333333,0.3333333333333333,0.5333333333333334,1.0,1.3333333333333333,0.74,0.7066666666666667,0.5743333333333334
Happy-Confused-2,-0.32472536233333327,-0.13333333333333336,-0.19139202899999996,-0.13333333333333336,0.19999999999999996,0.0,6.666666666666667,0.0,0.10000000000000003,0.2666666666666666,0.36666666666666664,0.06666666666666682,2.0,2.6666666666666665,0.48,0.6783333333333333,0.3766666666666667
Happy-Shy-1,0.017215941999999998,-0.16666666666666669,0.11721594199999999,-0.13333333333333336,0.33333333333333337,0.0,0.0,0.0,0.2,0.8666666666666667,0.16666666666666666,0.7333333333333334,0.0,0.0,0.76,0.541,0.5586666666666666
Happy-Shy-2,0.008607970999999999,-0.13333333333333336,0.208607971,-0.0666666666666667,0.2666666666666667,0.0,0.0,0.0,0.10000000000000003,0.7333333333333334,0.033333333333333326,0.46666666666666673,0.0,0.0,0.52,0.3470000000000001,0.34533333333333327
Happy-Frustrated-1,0.017215941999999998,-0.23333333333333334,0.017215941999999998,-0.23333333333333334,0.2666666666666667,0.0,1.6666666666666667,1.6666666666666667,0.13333333333333333,0.6666666666666667,0.26666666666666666,0.5333333333333334,0.6666666666666666,0.6666666666666666,0.6933333333333334,0.707,0.5996666666666667
Happy-Frustrated-2,0.008607970999999999,-0.26666666666666666,0.008607970999999999,-0.26666666666666666,0.1333333333333334,0.0,3.3333333333333335,3.3333333333333335,-0.033333333333333326,0.3333333333333334,0.23333333333333334,0.06666666666666682,1.3333333333333333,1.3333333333333333,0.38666666666666666,0.6789999999999999,0.42733333333333334
Happy-Tired-1,0.18388260866666667,-0.3666666666666667,0.18388260866666667,-0.3666666666666667,0.2666666666666667,0.0,2.3333333333333335,2.3333333333333335,0.2,0.6333333333333333,0.2,0.6333333333333333,3.0,3.0,0.7083333333333333,0.5956666666666667,0.5783333333333334
Happy-Tired-2,0.34194130433333336,-0.5333333333333333,0.34194130433333336,-0.5333333333333333,0.1333333333333334,0.0,4.666666666666667,4.666666666666667,0.10000000000000002,0.2666666666666666,0.10000000000000002,0.2666666666666666,6.0,6.0,0.4166666666666666,0.45633333333333337,0.3846666666666667
Scared-Angry-1,0.1333333333333333,-0.06666666666666665,0.1333333333333333,-0.06666666666666665,0.13333333333333336,-0.4666666666666667,3.3333333333333335,3.3333333333333335,2.78e-17,-0.06666666666666667,2.78e-17,-0.06666666666666667,2.3333333333333335,2.3333333333333335,0.13799999999999998,0.8286666666666667,0.32466666666666666
Scared-Angry-2,-0.2333333333333334,-0.2333333333333333,-0.2333333333333334,-0.2333333333333333,0.0666666666666667,-0.23333333333333336,6.666666666666667,6.666666666666667,2.78e-17,-0.13333333333333333,2.78e-17,-0.13333333333333333,4.666666666666667,4.666666666666667,0.12999999999999998,0.8293333333333334,0.4643333333333333
Scared-Curious-1,0.43333333333333335,0.06666666666666668,0.43333333333333335,0.06666666666666668,0.13333333333333336,-0.5666666666666667,0.0,0.0,2.78e-17,0.06666666666666667,2.78e-17,0.06666666666666667,0.0,0.0,0.309,0.752,0.2843333333333333
Scared-Curious-2,0.3666666666666667,0.03333333333333335,0.3666666666666667,0.03333333333333335,0.0666666666666667,-0.43333333333333335,0.0,0.0,2.78e-17,0.13333333333333333,2.78e-17,0.13333333333333333,0.0,0.0,0.472,0.676,0.38366666666666666
Scared-Neutral-1,0.33333333333333337,0.06666666666666668,0.33333333333333337,0.06666666666666668,0.13333333333333336,-0.4666666666666667,0.0,0.0,1.8533333333333333e-17,0.0,1.8533333333333333e-17,0.0,0.0,0.0,0.25366666666666665,0.6133333333333333,0.24233333333333335
Scared-Neutral-2,0.1666666666666667,0.03333333333333335,0.1666666666666667,0.03333333333333335,0.0666666666666667,-0.23333333333333336,0.0,0.0,9.266666666666665e-18,0.0,9.266666666666665e-18,0.0,0.0,0.0,0.3613333333333333,0.3986666666666666,0.2996666666666667
Scared-Disgust-1,0.23333333333333334,-1.3877787807814457e-17,0.23333333333333334,-1.3877787807814457e-17,0.13333333333333336,-0.4666666666666667,1.6666666666666667,0.0,0.23333333333333334,-0.3333333333333333,0.23333333333333334,-0.3333333333333333,1.6666666666666667,2.3333333333333335,0.11466666666666667,0.8103333333333333,0.229
Scared-Disgust-2,-0.033333333333333326,-0.10000000000000003,-0.033333333333333326,-0.10000000000000003,0.0666666666666667,-0.23333333333333336,3.3333333333333335,0.0,0.4666666666666667,-0.6666666666666666,0.4666666666666667,-0.6666666666666666,3.3333333333333335,4.666666666666667,0.08333333333333334,0.7926666666666667,0.273
Scared-Sad-1,0.5,-0.06666666666666665,0.5,-0.06666666666666665,0.13333333333333336,-0.49178029933333334,0.0,0.0,0.033333333333333354,-0.3333333333333333,0.033333333333333354,-0.3333333333333333,1.6666666666666667,1.6666666666666667,0.17233333333333334,0.6636666666666666,0.173
Scared-Sad-2,0.5,-0.2333333333333333,0.5,-0.2333333333333333,0.0666666666666667,-0.2835605986666667,0.0,0.0,0.06666666666666668,-0.6666666666666666,0.06666666666666668,-0.6666666666666666,3.3333333333333335,3.3333333333333335,0.19866666666666669,0.4993333333333333,0.16099999999999998
Scared-Excited-1,0.5,-0.06666666666666665,0.5,-0.06666666666666665,0.13333333333333336,-0.5666666666666667,0.0,0.0,0.16666666666666669,0.3333333333333333,0.16666666666666669,0.3333333333333333,0.0,0.0,0.3999999999999999,0.8623333333333333,0.3596666666666667
Scared-Excited-2,0.5,-0.2333333333333333,0.5,-0.2333333333333333,0.0666666666666667,-0.43333333333333335,0.0,0.0,0.33333333333333337,0.6666666666666666,0.33333333333333337,0.6666666666666666,0.0,0.0,0.6539999999999999,0.8966666666666666,0.5343333333333333
Scared-Surprise-1,0.4,0.23333333333333334,0.4,0.06666666666666668,0.13333333333333336,-0.6333333333333333,0.0,0.0,0.0666666666666667,0.0,0.0666666666666667,0.0,-1.0,0.0,0.3586666666666667,0.837,0.303
Scared-Surprise-2,0.30000000000000004,0.3666666666666667,0.30000000000000004,0.03333333333333335,0.0666666666666667,-0.5666666666666667,0.0,0.0,0.13333333333333336,0.0,0.13333333333333336,0.0,-2.0,0.0,0.5713333333333334,0.846,0.421
Scared-Concerned-1,0.33333333333333337,0.03333333333333334,0.33333333333333337,0.03333333333333334,0.13333333333333336,-0.4666666666666667,1.6666666666666667,1.6666666666666667,-0.06666666666666665,-0.06666666666666667,0.0666666666666667,-0.19999999999999998,0.6666666666666666,0.6666666666666666,0.19466666666666665,0.7846666666666666,0.24
Scared-Concerned-2,0.1666666666666667,-0.033333333333333326,0.1666666666666667,-0.033333333333333326,0.0666666666666667,-0.23333333333333336,3.3333333333333335,3.3333333333333335,-0.13333333333333333,-0.13333333333333333,0.13333333333333336,-0.39999999999999997,1.3333333333333333,1.3333333333333333,0.24333333333333332,0.7413333333333333,0.295
Scared-Confused-1,0.16666666666666669,0.03333333333333334,0.23333333333333334,0.03333333333333334,0.16666666666666669,-0.4666666666666667,3.3333333333333335,0.0,2.78e-17,-0.03333333333333333,0.13333333333333336,-0.13333333333333333,1.0,1.3333333333333333,0.17066666666666666,0.7686666666666666,0.183
Scared-Confused-2,-0.16666666666666663,-0.033333333333333326,-0.033333333333333326,-0.033333333333333326,0.13333333333333336,-0.23333333333333336,6.666666666666667,0.0,2.78e-17,-0.06666666666666667,0.2666666666666667,-0.26666666666666666,2.0,2.6666666666666665,0.19533333333333333,0.7093333333333333,0.181
Scared-Shy-1,0.33333333333333337,0.03333333333333334,0.43333333333333335,0.06666666666666668,0.2,-0.4666666666666667,0.0,0.0,2.78e-17,0.19999999999999998,-0.03333333333333332,0.06666666666666667,0.0,0.0,0.19066666666666668,0.603,0.16733333333333333
Scared-Shy-2,0.1666666666666667,-0.033333333333333326,0.3666666666666667,0.03333333333333335,0.2,-0.23333333333333336,0.0,0.0,2.78e-17,0.39999999999999997,-0.06666666666666667,0.13333333333333333,0.0,0.0,0.23533333333333337,0.378,0.14966666666666667
Scared-Frustrated-1,0.33333333333333337,-0.033333333333333326,0.33333333333333337,-0.033333333333333326,0.13333333333333336,-0.4666666666666667,1.6666666666666667,1.6666666666666667,-0.06666666666666665,0.0,0.0666666666666667,-0.13333333333333333,0.6666666666666666,0.6666666666666666,0.124,0.7689999999999999,0.20833333333333334
Scared-Frustrated-2,0.1666666666666667,-0.16666666666666666,0.1666666666666667,-0.16666666666666666,0.0666666666666667,-0.23333333333333336,3.3333333333333335,3.3333333333333335,-0.13333333333333333,0.0,0.13333333333333336,-0.26666666666666666,1.3333333333333333,1.3333333333333333,0.10200000000000001,0.7099999999999999,0.2316666666666667
Scared-Tired-1,0.5,-0.16666666666666666,0.5,-0.16666666666666666,0.13333333333333336,-0.4666666666666667,2.3333333333333335,2.3333333333333335,1.8533333333333333e-17,-0.03333333333333333,1.8533333333333333e-17,-0.03333333333333333,3.0,3.0,0.13899999999999998,0.6576666666666666,0.187
Scared-Tired-2,0.5,-0.43333333333333335,0.5,-0.43333333333333335,0.0666666666666667,-0.23333333333333336,4.666666666666667,4.666666666666667,9.266666666666665e-18,-0.06666666666666667,9.266666666666665e-18,-0.06666666666666667,6.0,6.0,0.13199999999999998,0.4873333333333333,0.189
Angry-Curious-1,-0.3,-0.2666666666666667,-0.3,-0.2666666666666667,0.0,-0.09999999999999999,6.666666666666666,6.666666666666666,2.78e-17,-0.06666666666666668,2.78e-17,-0.06666666666666668,4.666666666666666,4.666666666666666,0.29300000000000004,0.7533333333333333,0.5636666666666666
Angry-Curious-2,0.0,-0.1333333333333334,0.0,-0.1333333333333334,0.0,-0.19999999999999998,3.3333333333333326,3.3333333333333326,2.78e-17,0.06666666666666665,2.78e-17,0.06666666666666665,2.3333333333333326,2.3333333333333326,0.4640000000000001,0.6766666666666666,0.5233333333333333
Angry-Neutral-1,-0.4,-0.2666666666666667,-0.4,-0.2666666666666667,0.0,0.0,6.666666666666666,6.666666666666666,1.8533333333333333e-17,-0.13333333333333336,1.8533333333333333e-17,-0.13333333333333336,4.666666666666666,4.666666666666666,0.23766666666666664,0.6146666666666667,0.5216666666666667
Angry-Neutral-2,-0.20000000000000004,-0.1333333333333334,-0.20000000000000004,-0.1333333333333334,0.0,0.0,3.3333333333333326,3.3333333333333326,9.266666666666665e-18,-0.0666666666666667,9.266666666666665e-18,-0.0666666666666667,2.3333333333333326,2.3333333333333326,0.3533333333333333,0.39933333333333343,0.4393333333333334
Angry-Disgust-1,-0.5,-0.33333333333333337,-0.5,-0.33333333333333337,0.0,0.0,8.333333333333334,6.666666666666666,0.23333333333333334,-0.4666666666666667,0.23333333333333334,-0.4666666666666667,6.333333333333333,7.0,0.09866666666666667,0.8116666666666666,0.5083333333333333
Angry-Disgust-2,-0.4,-0.2666666666666667,-0.4,-0.2666666666666667,0.0,0.0,6.666666666666667,3.3333333333333326,0.4666666666666667,-0.7333333333333334,0.4666666666666667,-0.7333333333333334,5.666666666666666,7.0,0.07533333333333334,0.7933333333333333,0.4126666666666666
Angry-Sad-1,-0.23333333333333328,-0.4,-0.23333333333333328,-0.4,0.0,-0.025113632666666667,6.666666666666666,6.666666666666666,0.033333333333333354,-0.4666666666666667,0.033333333333333354,-0.4666666666666667,6.333333333333333,6.333333333333333,0.15633333333333332,0.665,0.45233333333333337
Angry-Sad-2,0.13333333333333341,-0.4,0.13333333333333341,-0.4,0.0,-0.05022726533333333,3.3333333333333326,3.3333333333333326,0.06666666666666668,-0.7333333333333334,0.06666666666666668,-0.7333333333333334,5.666666666666666,5.666666666666666,0.19066666666666665,0.5,0.30066666666666675
Angry-Excited-1,-0.23333333333333328,-0.4,-0.23333333333333328,-0.4,0.0,-0.09999999999999999,6.666666666666666,6.666666666666666,0.16666666666666669,0.19999999999999996,0.16666666666666669,0.19999999999999996,4.666666666666666,4.666666666666666,0.38399999999999995,0.8636666666666666,0.639
Angry-Excited-2,0.13333333333333341,-0.4,0.13333333333333341,-0.4,0.0,-0.19999999999999998,3.3333333333333326,3.3333333333333326,0.33333333333333337,0.5999999999999999,0.33333333333333337,0.5999999999999999,2.3333333333333326,2.3333333333333326,0.6459999999999999,0.8973333333333332,0.674
Angry-Surprise-1,-0.3333333333333333,-0.10000000000000003,-0.3333333333333333,-0.2666666666666667,0.0,-0.16666666666666666,6.666666666666666,6.666666666666666,0.0666666666666667,-0.13333333333333336,0.0666666666666667,-0.13333333333333336,3.6666666666666665,4.666666666666666,0.3426666666666667,0.8383333333333333,0.5823333333333334
Angry-Surprise-2,-0.06666666666666665,0.19999999999999996,-0.06666666666666665,-0.1333333333333334,0.0,-0.3333333333333333,3.3333333333333326,3.3333333333333326,0.13333333333333336,-0.0666666666666667,0.13333333333333336,-0.0666666666666667,0.33333333333333304,2.3333333333333326,0.5633333333333334,0.8466666666666666,0.5606666666666668
Angry-Concerned-1,-0.4,-0.3,-0.4,-0.3,0.0,0.0,8.333333333333334,8.333333333333334,-0.06666666666666665,-0.2,0.0666666666666667,-0.33333333333333337,5.333333333333333,5.333333333333333,0.17866666666666667,0.7859999999999999,0.5193333333333333
Angry-Concerned-2,-0.20000000000000004,-0.19999999999999996,-0.20000000000000004,-0.19999999999999996,0.0,0.0,6.666666666666667,6.666666666666667,-0.13333333333333333,-0.2,0.13333333333333336,-0.4666666666666667,3.666666666666666,3.666666666666666,0.23533333333333334,0.7419999999999999,0.43466666666666665
Angry-Confused-1,-0.5666666666666667,-0.3,-0.5,-0.3,0.03333333333333333,0.0,10.0,6.666666666666666,2.78e-17,-0.16666666666666669,0.13333333333333336,-0.26666666666666666,5.666666666666667,6.0,0.15466666666666667,0.77,0.4623333333333333
Angry-Confused-2,-0.5333333333333333,-0.19999999999999996,-0.4,-0.19999999999999996,0.06666666666666667,0.0,10.0,3.3333333333333326,2.78e-17,-0.13333333333333336,0.2666666666666667,-0.3333333333333333,4.333333333333334,5.0,0.18733333333333335,0.7100000000000001,0.32066666666666666
Angry-Shy-1,-0.4,-0.3,-0.3,-0.2666666666666667,0.06666666666666667,0.0,6.666666666666666,6.666666666666666,2.78e-17,0.06666666666666665,-0.03333333333333332,-0.06666666666666668,4.666666666666666,4.666666666666666,0.17466666666666666,0.6043333333333333,0.44666666666666666
Angry-Shy-2,-0.20000000000000004,-0.19999999999999996,0.0,-0.1333333333333334,0.13333333333333333,0.0,3.3333333333333326,3.3333333333333326,2.78e-17,0.3333333333333333,-0.06666666666666667,0.06666666666666665,2.3333333333333326,2.3333333333333326,0.22733333333333333,0.3786666666666666,0.28933333333333333
Angry-Frustrated-1,-0.4,-0.3666666666666667,-0.4,-0.3666666666666667,0.0,0.0,8.333333333333334,8.333333333333334,-0.06666666666666665,-0.13333333333333336,0.0666666666666667,-0.26666666666666666,5.333333333333333,5.333333333333333,0.108,0.7703333333333333,0.48766666666666664
Angry-Frustrated-2,-0.20000000000000004,-0.33333333333333337,-0.20000000000000004,-0.33333333333333337,0.0,0.0,6.666666666666667,6.666666666666667,-0.13333333333333333,-0.0666666666666667,0.13333333333333336,-0.3333333333333333,3.666666666666666,3.666666666666666,0.094,0.7106666666666667,0.3713333333333333
Angry-Tired-1,-0.23333333333333328,-0.5,-0.23333333333333328,-0.5,0.0,0.0,9.0,9.0,1.8533333333333333e-17,-0.16666666666666669,1.8533333333333333e-17,-0.16666666666666669,7.666666666666667,7.666666666666667,0.123,0.659,0.4663333333333333
Angry-Tired-2,0.13333333333333341,-0.6,0.13333333333333341,-0.6,0.0,0.0,8.0,8.0,9.266666666666665e-18,-0.13333333333333336,9.266666666666665e-18,-0.13333333333333336,8.333333333333334,8.333333333333334,0.124,0.4880000000000001,0.32866666666666666
Curious-Neutral-1,0.2,0.0,0.2,0.0,0.0,-0.2,0.0,0.0,1.8533333333333333e-17,0.13333333333333336,1.8533333333333333e-17,0.13333333333333336,0.0,0.0,0.5796666666666667,0.4613333333333333,0.441
Curious-Neutral-2,0.10000000000000002,0.0,0.10000000000000002,0.0,0.0,-0.10000000000000002,0.0,0.0,9.266666666666665e-18,0.0666666666666667,9.266666666666665e-18,0.0666666666666667,0.0,0.0,0.5243333333333333,0.32266666666666666,0.399
Curious-Disgust-1,0.1,-0.06666666666666667,0.1,-0.06666666666666667,0.0,-0.2,1.6666666666666667,0.0,0.23333333333333334,-0.19999999999999996,0.23333333333333334,-0.19999999999999996,1.6666666666666667,2.3333333333333335,0.44066666666666665,0.6583333333333333,0.42766666666666664
Curious-Disgust-2,-0.09999999999999998,-0.13333333333333333,-0.09999999999999998,-0.13333333333333333,0.0,-0.10000000000000002,3.3333333333333335,0.0,0.4666666666666667,-0.5999999999999999,0.4666666666666667,-0.5999999999999999,3.3333333333333335,4.666666666666667,0.24633333333333332,0.7166666666666667,0.3723333333333333
Curious-Sad-1,0.36666666666666664,-0.13333333333333333,0.36666666666666664,-0.13333333333333333,0.0,-0.22511363266666667,0.0,0.0,0.033333333333333354,-0.19999999999999996,0.033333333333333354,-0.19999999999999996,1.6666666666666667,1.6666666666666667,0.4983333333333333,0.5116666666666667,0.37166666666666665
Curious-Sad-2,0.4333333333333333,-0.26666666666666666,0.4333333333333333,-0.26666666666666666,0.0,-0.15022726533333336,0.0,0.0,0.06666666666666668,-0.5999999999999999,0.06666666666666668,-0.5999999999999999,3.3333333333333335,3.3333333333333335,0.3616666666666666,0.4233333333333334,0.2603333333333333
Curious-Excited-1,0.36666666666666664,-0.13333333333333333,0.36666666666666664,-0.13333333333333333,0.0,-0.3,0.0,0.0,0.16666666666666669,0.4666666666666667,0.16666666666666669,0.4666666666666667,0.0,0.0,0.726,0.7103333333333333,0.5583333333333333
Curious-Excited-2,0.4333333333333333,-0.26666666666666666,0.4333333333333333,-0.26666666666666666,0.0,-0.3,0.0,0.0,0.33333333333333337,0.7333333333333334,0.33333333333333337,0.7333333333333334,0.0,0.0,0.817,0.8206666666666665,0.6336666666666667
Curious-Surprise-1,0.26666666666666666,0.16666666666666666,0.26666666666666666,0.0,0.0,-0.36666666666666664,0.0,0.0,0.0666666666666667,0.13333333333333336,0.0666666666666667,0.13333333333333336,-1.0,0.0,0.6846666666666666,0.6849999999999999,0.5016666666666667
Curious-Surprise-2,0.23333333333333334,0.3333333333333333,0.23333333333333334,0.0,0.0,-0.4333333333333333,0.0,0.0,0.13333333333333336,0.0666666666666667,0.13333333333333336,0.0666666666666667,-2.0,0.0,0.7343333333333333,0.7699999999999999,0.5203333333333334
Curious-Concerned-1,0.2,-0.03333333333333333,0.2,-0.03333333333333333,0.0,-0.2,1.6666666666666667,1.6666666666666667,-0.06666666666666665,0.06666666666666668,0.0666666666666667,-0.06666666666666665,0.6666666666666666,0.6666666666666666,0.5206666666666666,0.6326666666666666,0.43866666666666665
Curious-Concerned-2,0.10000000000000002,-0.06666666666666667,0.10000000000000002,-0.06666666666666667,0.0,-0.10000000000000002,3.3333333333333335,3.3333333333333335,-0.13333333333333333,-0.06666666666666665,0.13333333333333336,-0.3333333333333333,1.3333333333333333,1.3333333333333333,0.40633333333333327,0.6653333333333332,0.3943333333333333
Curious-Confused-1,0.033333333333333326,-0.03333333333333333,0.1,-0.03333333333333333,0.03333333333333333,-0.2,3.3333333333333335,0.0,2.78e-17,0.09999999999999999,0.13333333333333336,-2.7755575615628914e-17,1.0,1.3333333333333333,0.4966666666666667,0.6166666666666667,0.38166666666666665
Curious-Confused-2,-0.23333333333333334,-0.06666666666666667,-0.09999999999999998,-0.06666666666666667,0.06666666666666667,-0.10000000000000002,6.666666666666667,0.0,2.78e-17,-2.7755575615628914e-17,0.2666666666666667,-0.20000000000000007,2.0,2.6666666666666665,0.3583333333333334,0.6333333333333334,0.2803333333333333
Curious-Shy-1,0.2,-0.03333333333333333,0.3,0.0,0.06666666666666667,-0.2,0.0,0.0,2.78e-17,0.33333333333333337,-0.03333333333333332,0.2,0.0,0.0,0.5166666666666667,0.45099999999999996,0.366
Curious-Shy-2,0.10000000000000002,-0.06666666666666667,0.3,0.0,0.13333333333333333,-0.10000000000000002,0.0,0.0,2.78e-17,0.4666666666666667,-0.06666666666666667,0.2,0.0,0.0,0.3983333333333334,0.30199999999999994,0.249
Curious-Frustrated-1,0.2,-0.09999999999999999,0.2,-0.09999999999999999,0.0,-0.2,1.6666666666666667,1.6666666666666667,-0.06666666666666665,0.13333333333333336,0.0666666666666667,-2.7755575615628914e-17,0.6666666666666666,0.6666666666666666,0.44999999999999996,0.617,0.407
Curious-Frustrated-2,0.10000000000000002,-0.19999999999999998,0.10000000000000002,-0.19999999999999998,0.0,-0.10000000000000002,3.3333333333333335,3.3333333333333335,-0.13333333333333333,0.0666666666666667,0.13333333333333336,-0.20000000000000007,1.3333333333333333,1.3333333333333333,0.2649999999999999,0.634,0.33099999999999996
Curious-Tired-1,0.36666666666666664,-0.2333333333333333,0.36666666666666664,-0.2333333333333333,0.0,-0.2,2.3333333333333335,2.3333333333333335,1.8533333333333333e-17,0.09999999999999999,1.8533333333333333e-17,0.09999999999999999,3.0,3.0,0.46499999999999997,0.5056666666666667,0.38566666666666666
Curious-Tired-2,0.4333333333333333,-0.4666666666666666,0.4333333333333333,-0.4666666666666666,0.0,-0.10000000000000002,4.666666666666667,4.666666666666667,9.266666666666665e-18,-2.7755575615628914e-17,9.266666666666665e-18,-2.7755575615628914e-17,6.0,6.0,0.29499999999999993,0.4113333333333334,0.28833333333333333
Neutral-Disgust-1,-0.09999999999999999,-0.06666666666666667,-0.09999999999999999,-0.06666666666666667,0.0,0.0,1.6666666666666667,0.0,0.2333333333333333,-0.3333333333333333,0.2333333333333333,-0.3333333333333333,1.6666666666666667,2.3333333333333335,0.32999999999999996,0.381,0.3436666666666667
Neutral-Disgust-2,-0.19999999999999998,-0.13333333333333333,-0.19999999999999998,-0.13333333333333333,0.0,0.0,3.3333333333333335,0.0,0.4666666666666666,-0.6666666666666666,0.4666666666666666,-0.6666666666666666,3.3333333333333335,4.666666666666667,0.19099999999999998,0.578,0.3303333333333333
Neutral-Sad-1,0.16666666666666666,-0.13333333333333333,0.16666666666666666,-0.13333333333333333,0.0,-0.025113632666666667,0.0,0.0,0.03333333333333333,-0.3333333333333333,0.03333333333333333,-0.3333333333333333,1.6666666666666667,1.6666666666666667,0.38766666666666666,0.23433333333333334,0.2876666666666667
Neutral-Sad-2,0.3333333333333333,-0.26666666666666666,0.3333333333333333,-0.26666666666666666,0.0,-0.05022726533333333,0.0,0.0,0.06666666666666667,-0.6666666666666666,0.06666666666666667,-0.6666666666666666,3.3333333333333335,3.3333333333333335,0.30633333333333335,0.2846666666666667,0.21833333333333332
Neutral-Excited-1,0.16666666666666666,-0.13333333333333333,0.16666666666666666,-0.13333333333333333,0.0,-0.09999999999999999,0.0,0.0,0.16666666666666666,0.3333333333333333,0.16666666666666666,0.3333333333333333,0.0,0.0,0.6153333333333333,0.43299999999999994,0.4743333333333334
Neutral-Excited-2,0.3333333333333333,-0.26666666666666666,0.3333333333333333,-0.26666666666666666,0.0,-0.19999999999999998,0.0,0.0,0.3333333333333333,0.6666666666666666,0.3333333333333333,0.6666666666666666,0.0,0.0,0.7616666666666666,0.6819999999999999,0.5916666666666668
Neutral-Surprise-1,0.06666666666666667,0.16666666666666666,0.06666666666666667,0.0,0.0,-0.16666666666666666,0.0,0.0,0.06666666666666667,0.0,0.06666666666666667,0.0,-1.0,0.0,0.574,0.4076666666666667,0.4176666666666667
Neutral-Surprise-2,0.13333333333333333,0.3333333333333333,0.13333333333333333,0.0,0.0,-0.3333333333333333,0.0,0.0,0.13333333333333333,0.0,0.13333333333333333,0.0,-2.0,0.0,0.6789999999999999,0.6313333333333333,0.47833333333333333
Neutral-Concerned-1,0.0,-0.03333333333333333,0.0,-0.03333333333333333,0.0,0.0,1.6666666666666667,1.6666666666666667,-0.06666666666666667,-0.06666666666666667,0.06666666666666667,-0.19999999999999998,0.6666666666666666,0.6666666666666666,0.41,0.35533333333333333,0.3546666666666667
Neutral-Concerned-2,0.0,-0.06666666666666667,0.0,-0.06666666666666667,0.0,0.0,3.3333333333333335,3.3333333333333335,-0.13333333333333333,-0.13333333333333333,0.13333333333333333,-0.39999999999999997,1.3333333333333333,1.3333333333333333,0.351,0.5266666666666666,0.35233333333333333
Neutral-Confused-1,-0.16666666666666666,-0.03333333333333333,-0.09999999999999999,-0.03333333333333333,0.03333333333333333,0.0,3.3333333333333335,0.0,9.266666666666668e-18,-0.03333333333333333,0.13333333333333333,-0.13333333333333333,1.0,1.3333333333333333,0.386,0.3393333333333334,0.2976666666666667
Neutral-Confused-2,-0.3333333333333333,-0.06666666666666667,-0.19999999999999998,-0.06666666666666667,0.06666666666666667,0.0,6.666666666666667,0.0,1.8533333333333336e-17,-0.06666666666666667,0.26666666666666666,-0.26666666666666666,2.0,2.6666666666666665,0.30300000000000005,0.4946666666666667,0.23833333333333334
Neutral-Shy-1,0.0,-0.03333333333333333,0.09999999999999999,0.0,0.06666666666666667,0.0,0.0,0.0,9.266666666666668e-18,0.19999999999999998,-0.03333333333333333,0.06666666666666667,0.0,0.0,0.40599999999999997,0.17366666666666666,0.28200000000000003
Neutral-Shy-2,0.0,-0.06666666666666667,0.19999999999999998,0.0,0.13333333333333333,0.0,0.0,0.0,1.8533333333333336e-17,0.39999999999999997,-0.06666666666666667,0.13333333333333333,0.0,0.0,0.34299999999999997,0.16333333333333333,0.20700000000000002
Neutral-Frustrated-1,0.0,-0.09999999999999999,0.0,-0.09999999999999999,0.0,0.0,1.6666666666666667,1.6666666666666667,-0.06666666666666667,0.0,0.06666666666666667,-0.13333333333333333,0.6666666666666666,0.6666666666666666,0.3393333333333333,0.3396666666666667,0.323
Neutral-Frustrated-2,0.0,-0.19999999999999998,0.0,-0.19999999999999998,0.0,0.0,3.3333333333333335,3.3333333333333335,-0.13333333333333333,0.0,0.13333333333333333,-0.26666666666666666,1.3333333333333333,1.3333333333333333,0.20966666666666667,0.4953333333333333,0.289
Neutral-Tired-1,0.16666666666666666,-0.2333333333333333,0.16666666666666666,-0.2333333333333333,0.0,0.0,2.3333333333333335,2.3333333333333335,0.0,-0.03333333333333333,0.0,-0.03333333333333333,3.0,3.0,0.35433333333333333,0.22833333333333333,0.3016666666666667
Neutral-Tired-2,0.3333333333333333,-0.4666666666666666,0.3333333333333333,-0.4666666666666666,0.0,0.0,4.666666666666667,4.666666666666667,0.0,-0.06666666666666667,0.0,-0.06666666666666667,6.0,6.0,0.2396666666666667,0.27266666666666667,0.24633333333333335
Disgust-Sad-1,-0.033333333333333326,-0.26666666666666666,-0.033333333333333326,-0.26666666666666666,0.0,-0.025113632666666667,3.333333333333333,0.0,0.5,-1.0,0.5,-1.0,5.0,6.333333333333333,0.10966666666666666,0.6283333333333334,0.261
Disgust-Sad-2,0.23333333333333334,-0.3333333333333333,0.23333333333333334,-0.3333333333333333,0.0,-0.05022726533333333,1.6666666666666663,0.0,0.30000000000000004,-1.0,0.30000000000000004,-1.0,5.0,5.666666666666666,0.16733333333333333,0.48166666666666674,0.20500000000000002
Disgust-Excited-1,-0.033333333333333326,-0.26666666666666666,-0.033333333333333326,-0.26666666666666666,0.0,-0.09999999999999999,3.333333333333333,0.0,0.6333333333333333,-0.33333333333333337,0.6333333333333333,-0.33333333333333337,3.333333333333333,4.666666666666666,0.33733333333333326,0.827,0.44766666666666666
Disgust-Excited-2,0.23333333333333334,-0.3333333333333333,0.23333333333333334,-0.3333333333333333,0.0,-0.19999999999999998,1.6666666666666663,0.0,0.5666666666666667,0.33333333333333326,0.5666666666666667,0.33333333333333326,1.6666666666666663,2.3333333333333326,0.6226666666666665,0.8789999999999999,0.5783333333333334
Disgust-Surprise-1,-0.13333333333333333,0.0333333333333333,-0.13333333333333333,-0.13333333333333336,0.0,-0.16666666666666666,3.333333333333333,0.0,0.5333333333333333,-0.6666666666666667,0.5333333333333333,-0.6666666666666667,2.3333333333333335,4.666666666666666,0.296,0.8016666666666666,0.391
Disgust-Surprise-2,0.033333333333333326,0.2666666666666666,0.033333333333333326,-0.0666666666666667,0.0,-0.3333333333333333,1.6666666666666663,0.0,0.3666666666666667,-0.3333333333333334,0.3666666666666667,-0.3333333333333334,-0.33333333333333304,2.3333333333333326,0.54,0.8283333333333333,0.465
Disgust-Concerned-1,-0.2,-0.16666666666666669,-0.2,-0.16666666666666669,0.0,0.0,5.0,1.6666666666666667,0.39999999999999997,-0.7333333333333334,0.5333333333333333,-0.8666666666666667,4.0,5.333333333333333,0.132,0.7493333333333333,0.328
Disgust-Concerned-2,-0.10000000000000002,-0.13333333333333336,-0.10000000000000002,-0.13333333333333336,0.0,0.0,5.0,3.3333333333333335,0.09999999999999998,-0.46666666666666673,0.3666666666666667,-0.7333333333333334,3.0,3.666666666666666,0.21200000000000002,0.7236666666666666,0.339
Disgust-Confused-1,-0.36666666666666664,-0.16666666666666669,-0.3,-0.16666666666666669,0.03333333333333333,0.0,6.666666666666667,0.0,0.4666666666666667,-0.7,0.6,-0.8,4.333333333333333,6.0,0.108,0.7333333333333334,0.271
Disgust-Confused-2,-0.4333333333333333,-0.13333333333333336,-0.3,-0.13333333333333336,0.06666666666666667,0.0,8.333333333333334,0.0,0.23333333333333336,-0.39999999999999997,0.5,-0.6000000000000001,3.6666666666666665,5.0,0.16399999999999998,0.6916666666666668,0.225
Disgust-Shy-1,-0.2,-0.16666666666666669,-0.1,-0.13333333333333336,0.06666666666666667,0.0,3.333333333333333,0.0,0.4666666666666667,-0.4666666666666667,0.4333333333333333,-0.6000000000000001,3.333333333333333,4.666666666666666,0.128,0.5676666666666667,0.25533333333333336
Disgust-Shy-2,-0.10000000000000002,-0.13333333333333336,0.09999999999999998,-0.0666666666666667,0.13333333333333333,0.0,1.6666666666666663,0.0,0.23333333333333336,0.06666666666666665,0.16666666666666663,-0.20000000000000012,1.6666666666666663,2.3333333333333326,0.20400000000000001,0.3603333333333333,0.19366666666666668
Disgust-Frustrated-1,-0.2,-0.23333333333333334,-0.2,-0.23333333333333334,0.0,0.0,5.0,1.6666666666666667,0.39999999999999997,-0.6666666666666667,0.5333333333333333,-0.8,4.0,5.333333333333333,0.06133333333333334,0.7336666666666667,0.29633333333333334
Disgust-Frustrated-2,-0.10000000000000002,-0.26666666666666666,-0.10000000000000002,-0.26666666666666666,0.0,0.0,5.0,3.3333333333333335,0.09999999999999998,-0.3333333333333334,0.3666666666666667,-0.6000000000000001,3.0,3.666666666666666,0.07066666666666667,0.6923333333333334,0.27566666666666667
Disgust-Tired-1,-0.033333333333333326,-0.3666666666666667,-0.033333333333333326,-0.3666666666666667,0.0,0.0,5.666666666666667,2.3333333333333335,0.4666666666666667,-0.7,0.4666666666666667,-0.7,6.333333333333333,7.666666666666667,0.07633333333333334,0.6223333333333334,0.275
Disgust-Tired-2,0.23333333333333334,-0.5333333333333333,0.23333333333333334,-0.5333333333333333,0.0,0.0,6.333333333333334,4.666666666666667,0.23333333333333336,-0.39999999999999997,0.23333333333333336,-0.39999999999999997,7.666666666666666,8.333333333333334,0.10066666666666667,0.46966666666666673,0.233
Sad-Excited-1,0.5,-0.4,0.5,-0.4,0.0,-0.15022726533333333,0.0,0.0,0.23333333333333334,-0.33333333333333337,0.23333333333333334,-0.33333333333333337,3.333333333333333,3.333333333333333,0.45266666666666666,0.5336666666666666,0.33566666666666667
Sad-Excited-2,0.5,-0.4,0.5,-0.4,0.0,-0.22511363266666667,0.0,0.0,0.3666666666666667,0.33333333333333326,0.3666666666666667,0.33333333333333326,1.6666666666666663,1.6666666666666663,0.6803333333333333,0.7323333333333333,0.5223333333333333
Sad-Surprise-1,0.4,-0.10000000000000003,0.4,-0.2666666666666667,0.0,-0.216893932,0.0,0.0,0.13333333333333333,-0.6666666666666667,0.13333333333333333,-0.6666666666666667,2.3333333333333335,3.333333333333333,0.41133333333333333,0.5083333333333333,0.279
Sad-Surprise-2,0.30000000000000004,0.19999999999999996,0.30000000000000004,-0.1333333333333334,0.0,-0.35844696600000003,0.0,0.0,0.16666666666666666,-0.3333333333333334,0.16666666666666666,-0.3333333333333334,-0.33333333333333304,1.6666666666666663,0.5976666666666667,0.6816666666666666,0.40900000000000003
Sad-Concerned-1,0.33333333333333337,-0.3,0.33333333333333337,-0.3,0.0,-0.05022726533333334,1.6666666666666667,1.6666666666666667,-1.3877787807814457e-17,-0.7333333333333334,0.13333333333333333,-0.8666666666666667,4.0,4.0,0.24733333333333332,0.456,0.21599999999999997
Sad-Concerned-2,0.1666666666666667,-0.19999999999999996,0.1666666666666667,-0.19999999999999996,0.0,-0.025113632666666674,3.3333333333333335,3.3333333333333335,-0.10000000000000003,-0.46666666666666673,0.16666666666666666,-0.7333333333333334,3.0,3.0,0.26966666666666667,0.577,0.283
Sad-Confused-1,0.16666666666666669,-0.3,0.23333333333333334,-0.3,0.03333333333333333,-0.05022726533333334,3.3333333333333335,0.0,0.06666666666666668,-0.7,0.2,-0.8,4.333333333333333,4.666666666666667,0.22333333333333333,0.44,0.159
Sad-Confused-2,-0.16666666666666663,-0.19999999999999996,-0.033333333333333326,-0.19999999999999996,0.06666666666666667,-0.025113632666666674,6.666666666666667,0.0,0.033333333333333354,-0.39999999999999997,0.30000000000000004,-0.6000000000000001,3.6666666666666665,4.333333333333334,0.22166666666666665,0.545,0.169
Sad-Shy-1,0.33333333333333337,-0.3,0.43333333333333335,-0.2666666666666667,0.06666666666666667,-0.05022726533333334,0.0,0.0,0.06666666666666668,-0.4666666666666667,0.03333333333333334,-0.6000000000000001,3.333333333333333,3.333333333333333,0.24333333333333335,0.2743333333333333,0.14333333333333334
Sad-Shy-2,0.1666666666666667,-0.19999999999999996,0.3666666666666667,-0.1333333333333334,0.13333333333333333,-0.025113632666666674,0.0,0.0,0.033333333333333354,0.06666666666666665,-0.033333333333333326,-0.20000000000000012,1.6666666666666663,1.6666666666666663,0.2616666666666667,0.21366666666666664,0.1376666666666667
Sad-Frustrated-1,0.33333333333333337,-0.3666666666666667,0.33333333333333337,-0.3666666666666667,0.0,-0.05022726533333334,1.6666666666666667,1.6666666666666667,-1.3877787807814457e-17,-0.6666666666666667,0.13333333333333333,-0.8,4.0,4.0,0.17666666666666667,0.4403333333333333,0.18433333333333332
Sad-Frustrated-2,0.1666666666666667,-0.33333333333333337,0.1666666666666667,-0.33333333333333337,0.0,-0.025113632666666674,3.3333333333333335,3.3333333333333335,-0.10000000000000003,-0.3333333333333334,0.16666666666666666,-0.6000000000000001,3.0,3.0,0.12833333333333333,0.5456666666666666,0.21966666666666665
Sad-Tired-1,0.5,-0.5,0.5,-0.5,0.0,-0.05022726533333334,2.3333333333333335,2.3333333333333335,0.06666666666666668,-0.7,0.06666666666666668,-0.7,6.333333333333333,6.333333333333333,0.19166666666666668,0.329,0.163
Sad-Tired-2,0.5,-0.6,0.5,-0.6,0.0,-0.025113632666666674,4.666666666666667,4.666666666666667,0.03333333333333335,-0.39999999999999997,0.03333333333333335,-0.39999999999999997,7.666666666666666,7.666666666666666,0.15833333333333335,0.323,0.17700000000000002
Excited-Surprise-1,0.4,-0.10000000000000003,0.4,-0.2666666666666667,0.0,-0.36666666666666664,0.0,0.0,0.4,0.6666666666666667,0.4,0.6666666666666667,-1.0,0.0,0.8666666666666666,0.9056666666666666,0.6523333333333334
Excited-Surprise-2,0.30000000000000004,0.19999999999999996,0.30000000000000004,-0.1333333333333334,0.0,-0.4333333333333333,0.0,0.0,0.30000000000000004,0.3333333333333334,0.30000000000000004,0.3333333333333334,-2.0,0.0,0.8253333333333333,0.8803333333333333,0.5956666666666668
Excited-Concerned-1,0.33333333333333337,-0.3,0.33333333333333337,-0.3,0.0,-0.2,1.6666666666666667,1.6666666666666667,0.2666666666666667,0.6000000000000001,0.4,0.4666666666666667,0.6666666666666666,0.6666666666666666,0.7026666666666667,0.8533333333333333,0.5893333333333334
Excited-Concerned-2,0.1666666666666667,-0.19999999999999996,0.1666666666666667,-0.19999999999999996,0.0,-0.10000000000000002,3.3333333333333335,3.3333333333333335,0.03333333333333341,0.20000000000000012,0.30000000000000004,-0.06666666666666665,1.3333333333333333,1.3333333333333333,0.4973333333333334,0.7756666666666666,0.4696666666666667
Excited-Confused-1,0.16666666666666669,-0.3,0.23333333333333334,-0.3,0.03333333333333333,-0.2,3.3333333333333335,0.0,0.33333333333333337,0.6333333333333333,0.4666666666666667,0.5333333333333334,1.0,1.3333333333333333,0.6786666666666666,0.8373333333333333,0.5323333333333334
Excited-Confused-2,-0.16666666666666663,-0.19999999999999996,-0.033333333333333326,-0.19999999999999996,0.06666666666666667,-0.10000000000000002,6.666666666666667,0.0,0.1666666666666667,0.2666666666666666,0.43333333333333335,0.06666666666666682,2.0,2.6666666666666665,0.44933333333333336,0.7436666666666666,0.3556666666666668
Excited-Shy-1,0.33333333333333337,-0.3,0.43333333333333335,-0.2666666666666667,0.06666666666666667,-0.2,0.0,0.0,0.33333333333333337,0.8666666666666667,0.30000000000000004,0.7333333333333334,0.0,0.0,0.6986666666666667,0.6716666666666666,0.5166666666666667
Excited-Shy-2,0.1666666666666667,-0.19999999999999996,0.3666666666666667,-0.1333333333333334,0.13333333333333333,-0.10000000000000002,0.0,0.0,0.1666666666666667,0.7333333333333334,0.10000000000000006,0.46666666666666673,0.0,0.0,0.4893333333333334,0.41233333333333333,0.32433333333333336
Excited-Frustrated-1,0.33333333333333337,-0.3666666666666667,0.33333333333333337,-0.3666666666666667,0.0,-0.2,1.6666666666666667,1.6666666666666667,0.2666666666666667,0.6666666666666667,0.4,0.5333333333333334,0.6666666666666666,0.6666666666666666,0.6319999999999999,0.8376666666666666,0.5576666666666668
Excited-Frustrated-2,0.1666666666666667,-0.33333333333333337,0.1666666666666667,-0.33333333333333337,0.0,-0.10000000000000002,3.3333333333333335,3.3333333333333335,0.03333333333333341,0.3333333333333334,0.30000000000000004,0.06666666666666682,1.3333333333333333,1.3333333333333333,0.3559999999999999,0.7443333333333332,0.40633333333333344
Excited-Tired-1,0.5,-0.5,0.5,-0.5,0.0,-0.2,2.3333333333333335,2.3333333333333335,0.33333333333333337,0.6333333333333333,0.33333333333333337,0.6333333333333333,3.0,3.0,0.647,0.7263333333333333,0.5363333333333334
Excited-Tired-2,0.5,-0.6,0.5,-0.6,0.0,-0.10000000000000002,4.666666666666667,4.666666666666667,0.1666666666666667,0.2666666666666666,0.1666666666666667,0.2666666666666666,6.0,6.0,0.38600000000000007,0.5216666666666666,0.3636666666666668
Surprise-Concerned-1,0.13333333333333336,0.30000000000000004,0.13333333333333336,-0.03333333333333333,0.0,-0.33333333333333337,1.6666666666666667,1.6666666666666667,0.06666666666666668,-0.06666666666666667,0.2,-0.19999999999999998,-1.3333333333333333,0.6666666666666666,0.62,0.8026666666666666,0.47600000000000003
Surprise-Concerned-2,0.0666666666666667,0.10000000000000006,0.0666666666666667,-0.06666666666666667,0.0,-0.1666666666666667,3.3333333333333335,3.3333333333333335,-0.06666666666666665,-0.13333333333333333,0.2,-0.39999999999999997,0.3333333333333335,1.3333333333333333,0.45599999999999996,0.7503333333333333,0.41300000000000003
Surprise-Confused-1,-0.0333333333333333,0.30000000000000004,0.033333333333333354,-0.03333333333333333,0.03333333333333333,-0.33333333333333337,3.3333333333333335,0.0,0.13333333333333336,-0.03333333333333333,0.26666666666666666,-0.13333333333333333,-1.0,1.3333333333333333,0.596,0.7866666666666666,0.41900000000000004
Surprise-Confused-2,-0.2666666666666666,0.10000000000000006,-0.1333333333333333,-0.06666666666666667,0.06666666666666667,-0.1666666666666667,6.666666666666667,0.0,0.0666666666666667,-0.06666666666666667,0.3333333333333333,-0.26666666666666666,1.0,2.6666666666666665,0.4079999999999999,0.7183333333333333,0.29900000000000004
Surprise-Shy-1,0.13333333333333336,0.30000000000000004,0.23333333333333334,0.0,0.06666666666666667,-0.33333333333333337,0.0,0.0,0.13333333333333336,0.19999999999999998,0.09999999999999999,0.06666666666666667,-2.0,0.0,0.616,0.621,0.4033333333333333
Surprise-Shy-2,0.0666666666666667,0.10000000000000006,0.26666666666666666,0.0,0.13333333333333333,-0.1666666666666667,0.0,0.0,0.0666666666666667,0.39999999999999997,-2.7755575615628914e-17,0.13333333333333333,-1.0,0.0,0.44799999999999995,0.387,0.2676666666666666
Surprise-Frustrated-1,0.13333333333333336,0.23333333333333334,0.13333333333333336,-0.09999999999999999,0.0,-0.33333333333333337,1.6666666666666667,1.6666666666666667,0.06666666666666668,0.0,0.2,-0.13333333333333333,-1.3333333333333333,0.6666666666666666,0.5493333333333333,0.7869999999999999,0.44433333333333336
Surprise-Frustrated-2,0.0666666666666667,-0.033333333333333326,0.0666666666666667,-0.19999999999999998,0.0,-0.1666666666666667,3.3333333333333335,3.3333333333333335,-0.06666666666666665,0.0,0.2,-0.26666666666666666,0.3333333333333335,1.3333333333333333,0.31466666666666665,0.7189999999999999,0.3496666666666667
Surprise-Tired-1,0.3,0.10000000000000003,0.3,-0.2333333333333333,0.0,-0.33333333333333337,2.3333333333333335,2.3333333333333335,0.13333333333333336,-0.03333333333333333,0.13333333333333336,-0.03333333333333333,1.0,3.0,0.5643333333333334,0.6756666666666666,0.42300000000000004
Surprise-Tired-2,0.39999999999999997,-0.29999999999999993,0.39999999999999997,-0.4666666666666666,0.0,-0.1666666666666667,4.666666666666667,4.666666666666667,0.0666666666666667,-0.06666666666666667,0.0666666666666667,-0.06666666666666667,5.0,6.0,0.3446666666666667,0.4963333333333333,0.30700000000000005
Concerned-Confused-1,-0.16666666666666666,-0.1,-0.09999999999999999,-0.1,0.03333333333333333,0.0,6.666666666666667,3.333333333333333,-0.13333333333333333,-0.16666666666666669,0.26666666666666666,-0.5333333333333333,2.3333333333333335,2.6666666666666665,0.268,0.6819999999999999,0.293
Concerned-Confused-2,-0.3333333333333333,-0.1,-0.19999999999999998,-0.1,0.06666666666666667,0.0,8.333333333333334,1.6666666666666663,-0.06666666666666665,-0.13333333333333336,0.3333333333333333,-0.4666666666666667,2.666666666666667,3.333333333333333,0.24400000000000002,0.6659999999999999,0.236
Concerned-Shy-1,0.0,-0.1,0.09999999999999999,-0.06666666666666668,0.06666666666666667,0.0,3.333333333333333,3.333333333333333,-0.13333333333333333,0.06666666666666665,0.09999999999999999,-0.3333333333333333,1.3333333333333335,1.3333333333333335,0.288,0.5163333333333333,0.2773333333333333
Concerned-Shy-2,0.0,-0.1,0.19999999999999998,-0.03333333333333335,0.13333333333333333,0.0,1.6666666666666663,1.6666666666666663,-0.06666666666666665,0.3333333333333333,-2.7755575615628914e-17,-0.06666666666666665,0.6666666666666669,0.6666666666666669,0.284,0.33466666666666667,0.20466666666666666
Concerned-Frustrated-1,0.0,-0.16666666666666669,0.0,-0.16666666666666669,0.0,0.0,5.0,5.0,-0.2,-0.13333333333333336,0.2,-0.5333333333333333,2.0,2.0,0.22133333333333333,0.6823333333333332,0.3183333333333333
Concerned-Frustrated-2,0.0,-0.23333333333333334,0.0,-0.23333333333333334,0.0,0.0,5.0,5.0,-0.2,-0.0666666666666667,0.2,-0.4666666666666667,2.0,2.0,0.15066666666666667,0.6666666666666665,0.2866666666666666
Concerned-Tired-1,0.16666666666666666,-0.3,0.16666666666666666,-0.3,0.0,0.0,5.666666666666667,5.666666666666667,-0.13333333333333336,-0.16666666666666669,0.13333333333333336,-0.43333333333333335,4.333333333333334,4.333333333333334,0.2363333333333333,0.571,0.297
Concerned-Tired-2,0.3333333333333333,-0.5,0.3333333333333333,-0.5,0.0,0.0,6.333333333333334,6.333333333333334,-0.0666666666666667,-0.13333333333333336,0.0666666666666667,-0.2666666666666667,6.666666666666668,6.666666666666668,0.18066666666666664,0.44399999999999995,0.244
Confused-Shy-1,-0.33333333333333337,-0.1,-0.1,-0.06666666666666668,0.13333333333333333,0.0,6.666666666666666,0.0,2.78e-17,0.1333333333333333,0.23333333333333336,-0.19999999999999998,2.0,2.666666666666667,0.24000000000000002,0.4843333333333334,0.16333333333333333
Confused-Shy-2,-0.1666666666666667,-0.1,0.09999999999999998,-0.03333333333333335,0.16666666666666666,0.0,3.3333333333333326,0.0,2.78e-17,0.3666666666666666,0.06666666666666671,5.551115123125783e-17,1.0,1.3333333333333337,0.26,0.31866666666666676,0.14766666666666667
Confused-Frustrated-1,-0.33333333333333337,-0.16666666666666669,-0.2,-0.16666666666666669,0.06666666666666668,0.0,8.333333333333334,1.6666666666666667,-0.06666666666666665,-0.06666666666666668,0.33333333333333337,-0.4,2.6666666666666665,3.3333333333333335,0.17333333333333334,0.6503333333333333,0.20433333333333334
Confused-Frustrated-2,-0.1666666666666667,-0.23333333333333334,-0.10000000000000002,-0.23333333333333334,0.03333333333333335,0.0,6.666666666666667,3.3333333333333335,-0.13333333333333333,-0.03333333333333335,0.2666666666666667,-0.4,2.333333333333333,2.666666666666667,0.12666666666666668,0.6506666666666666,0.22966666666666669
Confused-Tired-1,-0.16666666666666669,-0.3,-0.033333333333333326,-0.3,0.06666666666666668,0.0,9.0,2.3333333333333335,1.8533333333333333e-17,-0.1,0.2666666666666667,-0.3,5.0,5.666666666666667,0.18833333333333332,0.539,0.183
Confused-Tired-2,0.16666666666666663,-0.5,0.23333333333333334,-0.5,0.03333333333333335,0.0,8.0,4.666666666666667,9.266666666666665e-18,-0.1,0.1333333333333334,-0.19999999999999996,7.0,7.333333333333334,0.15666666666666665,0.42800000000000005,0.187
Shy-Frustrated-1,0.0,-0.16666666666666669,0.2,-0.09999999999999999,0.13333333333333336,0.0,1.6666666666666667,1.6666666666666667,-0.06666666666666665,0.4,1.3877787807814457e-17,-2.7755575615628914e-17,0.6666666666666666,0.6666666666666666,0.21333333333333337,0.31899999999999995,0.17300000000000001
Shy-Frustrated-2,0.0,-0.23333333333333334,0.10000000000000002,-0.19999999999999998,0.0666666666666667,0.0,3.3333333333333335,3.3333333333333335,-0.13333333333333333,0.20000000000000004,0.10000000000000003,-0.20000000000000007,1.3333333333333333,1.3333333333333333,0.14666666666666672,0.4849999999999999,0.21400000000000002
Shy-Tired-1,0.16666666666666666,-0.3,0.36666666666666664,-0.2333333333333333,0.13333333333333336,0.0,2.3333333333333335,2.3333333333333335,1.8533333333333333e-17,0.3666666666666667,-0.06666666666666668,0.09999999999999999,3.0,3.0,0.22833333333333336,0.20766666666666667,0.15166666666666667
Shy-Tired-2,0.3333333333333333,-0.5,0.4333333333333333,-0.4666666666666666,0.0666666666666667,0.0,4.666666666666667,4.666666666666667,9.266666666666665e-18,0.1333333333333334,-0.03333333333333335,-2.7755575615628914e-17,6.0,6.0,0.1766666666666667,0.2623333333333333,0.17133333333333334
Frustrated-Tired-1,0.16666666666666666,-0.43333333333333335,0.16666666666666666,-0.43333333333333335,0.0,0.0,5.666666666666667,5.666666666666667,-0.13333333333333336,-0.03333333333333333,0.13333333333333336,-0.3,4.333333333333334,4.333333333333334,0.095,0.5396666666666666,0.23366666666666666
Frustrated-Tired-2,0.3333333333333333,-0.5666666666666667,0.3333333333333333,-0.5666666666666667,0.0,0.0,6.333333333333334,6.333333333333334,-0.0666666666666667,-0.06666666666666667,0.0666666666666667,-0.19999999999999996,6.666666666666668,6.666666666666668,0.11,0.42833333333333334,0.21233333333333332
